AbilityChangeNotify,1159
AbilityInvocationFailNotify,1116
AbilityInvocationFixedNotify,1190
AbilityInvocationsNotify,1196
AcceptCityReputationRequestReq,2872
AcceptCityReputationRequestRsp,2892
AchievementAllDataNotify,2659
AchievementUpdateNotify,2666
ActivityCoinInfoNotify,2189
ActivityCondStateChangeNotify,2134
ActivityDisableTransferPointInteractionNotify,8741
ActivityInfoNotify,2186
ActivityPlayOpenAnimNotify,2172
ActivitySaleChangeNotify,2174
ActivityScheduleInfoNotify,2020
ActivitySelectAvatarCardReq,2112
ActivitySelectAvatarCardRsp,2177
ActivityTakeAllScoreRewardReq,8889
ActivityTakeAllScoreRewardRsp,8410
ActivityTakeScoreRewardReq,8201
ActivityTakeScoreRewardRsp,8835
ActivityTakeWatcherRewardBatchReq,2110
ActivityTakeWatcherRewardBatchRsp,2132
ActivityTakeWatcherRewardReq,2192
ActivityTakeWatcherRewardRsp,2122
ActivityUpdateWatcherNotify,2108
AddBlacklistReq,4048
AddBlacklistRsp,4098
AddFriendNotify,4077
AddNoGachaAvatarCardNotify,1764
AddQuestContentProgressReq,456
AddQuestContentProgressRsp,441
AddRandTaskInfoNotify,145
AddSeenMonsterNotify,202
AdjustWorldLevelReq,138
AdjustWorldLevelRsp,160
AllCoopInfoNotify,1959
AllMarkPointNotify,3363
AllSeenMonsterNotify,211
AllWidgetDataNotify,4263
AnchorPointDataNotify,4259
AnchorPointOpReq,4299
AnchorPointOpRsp,4265
AnimatorForceSetAirMoveNotify,306
AntiAddictNotify,193
ArenaChallengeFinishNotify,2006
AskAddFriendNotify,4086
AskAddFriendReq,4016
AskAddFriendRsp,4056
AsterLargeInfoNotify,2030
AsterLittleInfoNotify,2161
AsterMidCampInfoNotify,2081
AsterMidInfoNotify,2158
AsterMiscInfoNotify,2188
AsterProgressInfoNotify,2082
AvatarAddNotify,1688
AvatarBuffAddNotify,348
AvatarBuffDelNotify,398
AvatarCardChangeReq,648
AvatarCardChangeRsp,698
AvatarChangeAnimHashReq,1602
AvatarChangeAnimHashRsp,1728
AvatarChangeCostumeNotify,1703
AvatarChangeCostumeReq,1663
AvatarChangeCostumeRsp,1601
AvatarChangeElementTypeReq,1717
AvatarChangeElementTypeRsp,1634
AvatarDataNotify,1778
AvatarDelNotify,1642
AvatarDieAnimationEndReq,1666
AvatarDieAnimationEndRsp,1738
AvatarEnterElementViewNotify,335
AvatarEquipAffixStartNotify,1645
AvatarEquipChangeNotify,682
AvatarExpeditionAllDataReq,1690
AvatarExpeditionAllDataRsp,1683
AvatarExpeditionCallBackReq,1736
AvatarExpeditionCallBackRsp,1672
AvatarExpeditionDataNotify,1775
AvatarExpeditionGetRewardReq,1614
AvatarExpeditionGetRewardRsp,1623
AvatarExpeditionStartReq,1749
AvatarExpeditionStartRsp,1768
AvatarFetterDataNotify,1695
AvatarFetterLevelRewardReq,1763
AvatarFetterLevelRewardRsp,1721
AvatarFightPropNotify,1216
AvatarFightPropUpdateNotify,1256
AvatarFlycloakChangeNotify,1657
AvatarFollowRouteNotify,3343
AvatarGainCostumeNotify,1665
AvatarGainFlycloakNotify,1747
AvatarLifeStateChangeNotify,1272
AvatarPromoteGetRewardReq,1700
AvatarPromoteGetRewardRsp,1750
AvatarPromoteReq,1609
AvatarPromoteRsp,1640
AvatarPropChangeReasonNotify,1292
AvatarPropNotify,1259
AvatarSatiationDataNotify,1635
AvatarSkillChangeNotify,1065
AvatarSkillDepotChangeNotify,1076
AvatarSkillInfoNotify,1072
AvatarSkillMaxChargeCountNotify,1041
AvatarSkillUpgradeReq,1078
AvatarSkillUpgradeRsp,1012
AvatarTeamUpdateNotify,1797
AvatarUnlockTalentNotify,1089
AvatarUpgradeReq,1704
AvatarUpgradeRsp,1651
AvatarWearFlycloakReq,1641
AvatarWearFlycloakRsp,1730
BackMyWorldReq,205
BackMyWorldRsp,209
BargainOfferPriceReq,439
BargainOfferPriceRsp,495
BargainStartNotify,451
BargainTerminateNotify,450
BattlePassAllDataNotify,2609
BattlePassBuySuccNotify,2650
BattlePassCurScheduleUpdateNotify,2649
BattlePassMissionDelNotify,2617
BattlePassMissionUpdateNotify,2616
BeginCameraSceneLookNotify,215
BigTalentPointConvertReq,1016
BigTalentPointConvertRsp,1056
BlessingAcceptAllGivePicReq,2001
BlessingAcceptAllGivePicRsp,2103
BlessingAcceptGivePicReq,2121
BlessingAcceptGivePicRsp,2164
BlessingGetAllRecvPicRecordListReq,2100
BlessingGetAllRecvPicRecordListRsp,2150
BlessingGetFriendPicListReq,2057
BlessingGetFriendPicListRsp,2147
BlessingGiveFriendPicReq,2045
BlessingGiveFriendPicRsp,2163
BlessingRecvFriendPicNotify,2063
BlessingRedeemRewardReq,2041
BlessingRedeemRewardRsp,2130
BlessingScanReq,2074
BlessingScanRsp,2035
BlitzRushParkourRestartReq,8849
BlitzRushParkourRestartRsp,8534
BlossomBriefInfoNotify,2789
BlossomChestCreateNotify,2756
BlossomChestInfoNotify,872
BonusActivityInfoReq,2512
BonusActivityInfoRsp,2565
BonusActivityUpdateNotify,2578
BossChestActivateNotify,841
BounceConjuringSettleNotify,8427
BuoyantCombatSettleNotify,8159
BuyBattlePassLevelReq,2624
BuyBattlePassLevelRsp,2625
BuyGoodsReq,789
BuyGoodsRsp,776
BuyResinReq,640
BuyResinRsp,645
CalcWeaponUpgradeReturnItemsReq,627
CalcWeaponUpgradeReturnItemsRsp,668
CanUseSkillNotify,1075
CancelCityReputationRequestReq,2863
CancelCityReputationRequestRsp,2859
CancelCoopTaskReq,1974
CancelCoopTaskRsp,1975
CancelFinishParentQuestNotify,474
CardProductRewardNotify,4149
ChallengeDataNotify,994
ChallengeRecordNotify,939
ChangeAvatarReq,1713
ChangeAvatarRsp,1678
ChangeGameTimeReq,192
ChangeGameTimeRsp,163
ChangeMailStarNotify,1412
ChangeMpTeamAvatarReq,1698
ChangeMpTeamAvatarRsp,1776
ChangeServerGlobalValueNotify,95
ChangeTeamNameReq,1613
ChangeTeamNameRsp,1754
ChangeWorldToSingleModeNotify,3456
ChangeWorldToSingleModeReq,3335
ChangeWorldToSingleModeRsp,3007
ChannelerSlabCheckEnterLoopDungeonReq,8678
ChannelerSlabCheckEnterLoopDungeonRsp,8961
ChannelerSlabEnterLoopDungeonReq,8928
ChannelerSlabEnterLoopDungeonRsp,8892
ChannelerSlabLoopDungeonChallengeInfoNotify,8499
ChannelerSlabLoopDungeonSelectConditionReq,8368
ChannelerSlabLoopDungeonSelectConditionRsp,8943
ChannelerSlabLoopDungeonTakeFirstPassRewardReq,8779
ChannelerSlabLoopDungeonTakeFirstPassRewardRsp,8654
ChannelerSlabLoopDungeonTakeScoreRewardReq,8751
ChannelerSlabLoopDungeonTakeScoreRewardRsp,8186
ChannelerSlabOneOffDungeonInfoNotify,8038
ChannelerSlabOneOffDungeonInfoReq,8069
ChannelerSlabOneOffDungeonInfoRsp,8731
ChannelerSlabSaveAssistInfoReq,8304
ChannelerSlabSaveAssistInfoRsp,8443
ChannelerSlabStageActiveChallengeIndexNotify,8687
ChannelerSlabStageOneofDungeonNotify,8203
ChannelerSlabTakeoffBuffReq,8329
ChannelerSlabTakeoffBuffRsp,8646
ChannelerSlabWearBuffReq,8487
ChannelerSlabWearBuffRsp,8651
ChapterStateNotify,475
ChatChannelDataNotify,4962
ChatChannelUpdateNotify,5028
ChatHistoryNotify,3332
CheckAddItemExceedLimitNotify,647
CheckSegmentCRCNotify,42
CheckSegmentCRCReq,94
ChessEscapedMonstersNotify,5391
ChessLeftMonstersNotify,5307
ChessManualRefreshCardsReq,5352
ChessManualRefreshCardsRsp,5344
ChessPickCardNotify,5393
ChessPickCardReq,5327
ChessPickCardRsp,5368
ChessPlayerInfoNotify,5322
ChessSelectedCardsNotify,5347
ChooseCurAvatarTeamReq,1699
ChooseCurAvatarTeamRsp,1791
CityReputationDataNotify,2875
CityReputationLevelupNotify,2816
ClearRoguelikeCurseNotify,8677
ClientAIStateNotify,1199
ClientAbilitiesInitFinishCombineNotify,1141
ClientAbilityChangeNotify,1178
ClientAbilityInitBeginNotify,1189
ClientAbilityInitFinishNotify,1176
ClientBulletCreateNotify,51
ClientCollectorDataNotify,4300
ClientHashDebugNotify,3265
ClientLoadingCostumeVerificationNotify,3270
ClientLockGameTimeNotify,191
ClientNewMailNotify,1463
ClientPauseNotify,207
ClientReconnectNotify,78
ClientReportNotify,99
ClientScriptEventNotify,271
ClientTransmitReq,228
ClientTransmitRsp,274
ClientTriggerEventNotify,112
CloseCommonTipsNotify,3168
ClosedItemNotify,691
CodexDataFullNotify,4202
CodexDataUpdateNotify,4209
CombatInvocationsNotify,345
CombineDataNotify,644
CombineFormulaDataNotify,622
CombineReq,683
CombineRsp,606
CommonPlayerTipsNotify,8780
CompoundDataNotify,154
CompoundUnlockNotify,121
CookDataNotify,181
CookGradeDataNotify,135
CookRecipeDataNotify,170
CoopCgShowNotify,1994
CoopCgUpdateNotify,1970
CoopChapterUpdateNotify,1972
CoopDataNotify,1995
CoopPointUpdateNotify,1981
CoopProgressUpdateNotify,1998
CoopRewardUpdateNotify,1973
CreateMassiveEntityNotify,318
CreateMassiveEntityReq,388
CreateMassiveEntityRsp,349
CreateVehicleReq,839
CreateVehicleRsp,895
CutSceneBeginNotify,261
CutSceneEndNotify,203
CutSceneFinishNotify,210
DailyTaskDataNotify,158
DailyTaskFilterCityReq,180
DailyTaskFilterCityRsp,153
DailyTaskProgressNotify,115
DailyTaskScoreRewardNotify,126
DailyTaskUnlockedCitiesNotify,105
DataResVersionNotify,118
DealAddFriendReq,4041
DealAddFriendRsp,4072
DebugNotify,101
DelMailReq,1456
DelMailRsp,1441
DelScenePlayTeamEntityNotify,3234
DelTeamEntityNotify,340
DeleteFriendNotify,4094
DeleteFriendReq,4059
DeleteFriendRsp,4078
DestroyMassiveEntityNotify,358
DestroyMaterialReq,601
DestroyMaterialRsp,669
DigActivityChangeGadgetStateReq,8545
DigActivityChangeGadgetStateRsp,8312
DigActivityMarkPointChangeNotify,8576
DisableRoguelikeTrapNotify,8604
DoGachaReq,1589
DoGachaRsp,1576
DoRoguelikeDungeonCardGachaReq,8034
DoRoguelikeDungeonCardGachaRsp,8270
DoSetPlayerBornDataNotify,182
DraftGuestReplyInviteNotify,5472
DraftGuestReplyInviteReq,5456
DraftGuestReplyInviteRsp,5441
DraftGuestReplyTwiceConfirmNotify,5465
DraftGuestReplyTwiceConfirmReq,5459
DraftGuestReplyTwiceConfirmRsp,5478
DraftInviteResultNotify,5492
DraftOwnerInviteNotify,5416
DraftOwnerStartInviteReq,5489
DraftOwnerStartInviteRsp,5476
DraftOwnerTwiceConfirmNotify,5463
DraftTwiceConfirmResultNotify,5412
DragonSpineChapterFinishNotify,2180
DragonSpineChapterOpenNotify,2075
DragonSpineChapterProgressChangeNotify,2194
DragonSpineCoinChangeNotify,2151
DropHintNotify,633
DropItemReq,663
DropItemRsp,659
DungeonCandidateTeamChangeAvatarReq,973
DungeonCandidateTeamChangeAvatarRsp,988
DungeonCandidateTeamCreateReq,981
DungeonCandidateTeamCreateRsp,970
DungeonCandidateTeamDismissNotify,997
DungeonCandidateTeamInfoNotify,995
DungeonCandidateTeamInviteNotify,950
DungeonCandidateTeamInviteReq,935
DungeonCandidateTeamInviteRsp,933
DungeonCandidateTeamKickReq,983
DungeonCandidateTeamKickRsp,906
DungeonCandidateTeamLeaveReq,904
DungeonCandidateTeamLeaveRsp,954
DungeonCandidateTeamPlayerLeaveNotify,998
DungeonCandidateTeamRefuseNotify,948
DungeonCandidateTeamReplyInviteReq,943
DungeonCandidateTeamReplyInviteRsp,929
DungeonCandidateTeamSetChangingAvatarReq,969
DungeonCandidateTeamSetChangingAvatarRsp,932
DungeonCandidateTeamSetReadyReq,928
DungeonCandidateTeamSetReadyRsp,974
DungeonChallengeBeginNotify,982
DungeonChallengeFinishNotify,942
DungeonDataNotify,946
DungeonDieOptionReq,978
DungeonDieOptionRsp,912
DungeonEntryInfoReq,990
DungeonEntryInfoRsp,996
DungeonEntryToBeExploreNotify,3241
DungeonFollowNotify,977
DungeonGetStatueDropReq,986
DungeonGetStatueDropRsp,951
DungeonInterruptChallengeReq,926
DungeonInterruptChallengeRsp,940
DungeonPlayerDieNotify,959
DungeonPlayerDieReq,999
DungeonPlayerDieRsp,975
DungeonRestartInviteNotify,1000
DungeonRestartInviteReplyNotify,924
DungeonRestartInviteReplyReq,957
DungeonRestartInviteReplyRsp,937
DungeonRestartReq,934
DungeonRestartResultNotify,901
DungeonRestartRsp,964
DungeonReviseLevelNotify,927
DungeonSettleNotify,963
DungeonShowReminderNotify,965
DungeonSlipRevivePointActivateReq,958
DungeonSlipRevivePointActivateRsp,915
DungeonWayPointActivateReq,972
DungeonWayPointActivateRsp,992
DungeonWayPointNotify,941
EchoNotify,86
EchoShellTakeRewardReq,8630
EchoShellTakeRewardRsp,8606
EchoShellUpdateNotify,8192
EffigyChallengeInfoNotify,2039
EffigyChallengeResultNotify,2200
EndCameraSceneLookNotify,226
EnterChessDungeonReq,8342
EnterChessDungeonRsp,8628
EnterFishingReq,5809
EnterFishingRsp,5816
EnterMechanicusDungeonReq,3959
EnterMechanicusDungeonRsp,3978
EnterRoguelikeDungeonNotify,8255
EnterSceneDoneReq,225
EnterSceneDoneRsp,267
EnterScenePeerNotify,231
EnterSceneReadyReq,220
EnterSceneReadyRsp,285
EnterSceneWeatherAreaNotify,273
EnterTransPointRegionNotify,275
EnterTrialAvatarActivityDungeonReq,2061
EnterTrialAvatarActivityDungeonRsp,2033
EnterWorldAreaReq,233
EnterWorldAreaRsp,283
EntityAiKillSelfNotify,301
EntityAiSyncNotify,357
EntityAuthorityChangeNotify,350
EntityConfigHashNotify,3304
EntityFightPropChangeReasonNotify,1241
EntityFightPropNotify,1289
EntityFightPropUpdateNotify,1276
EntityForceSyncReq,206
EntityForceSyncRsp,204
EntityJumpNotify,277
EntityMoveRoomNotify,3194
EntityPropNotify,1290
EntityTagChangeNotify,3138
EquipRoguelikeRuneReq,8546
EquipRoguelikeRuneRsp,8597
EvtAiSyncCombatThreatInfoNotify,364
EvtAiSyncSkillCdNotify,304
EvtAnimatorParameterNotify,396
EvtAnimatorStateChangedNotify,359
EvtAvatarEnterFocusNotify,351
EvtAvatarExitFocusNotify,339
EvtAvatarLockChairReq,369
EvtAvatarLockChairRsp,332
EvtAvatarSitDownNotify,374
EvtAvatarStandUpNotify,373
EvtAvatarUpdateFocusNotify,395
EvtBeingHitNotify,390
EvtBeingHitsCombineNotify,354
EvtBulletDeactiveNotify,365
EvtBulletHitNotify,312
EvtBulletMoveNotify,386
EvtCostStaminaNotify,392
EvtCreateGadgetNotify,316
EvtDestroyGadgetNotify,356
EvtDestroyServerGadgetNotify,324
EvtDoSkillSuccNotify,376
EvtEntityRenderersChangedNotify,383
EvtEntityStartDieEndNotify,399
EvtFaceToDirNotify,372
EvtFaceToEntityNotify,341
EvtRushMoveNotify,378
EvtSetAttackTargetNotify,363
ExecuteGadgetLuaReq,284
ExecuteGadgetLuaRsp,208
ExecuteGroupTriggerReq,300
ExecuteGroupTriggerRsp,257
ExitFishingReq,5850
ExitFishingRsp,5824
ExitSceneWeatherAreaNotify,288
ExitTransPointRegionNotify,246
ExpeditionChallengeEnterRegionNotify,2091
ExpeditionChallengeFinishedNotify,2142
ExpeditionRecallReq,2080
ExpeditionRecallRsp,2133
ExpeditionStartReq,2070
ExpeditionStartRsp,2058
ExpeditionTakeRewardReq,2199
ExpeditionTakeRewardRsp,2183
FindHilichurlAcceptQuestNotify,8287
FindHilichurlFinishSecondQuestNotify,8465
FinishDeliveryNotify,2135
FinishMainCoopReq,1965
FinishMainCoopRsp,1976
FinishedParentQuestNotify,476
FinishedParentQuestUpdateNotify,416
FireworkNotify,5934
FireworkReq,6068
FireworkRsp,5918
FireworkSetNotify,6079
FireworkSetReq,6099
FireworkSetRsp,5969
FishAttractNotify,5825
FishBaitGoneNotify,5843
FishBattleBeginReq,5842
FishBattleBeginRsp,5836
FishBattleEndReq,5831
FishBattleEndRsp,5821
FishBiteReq,5820
FishBiteRsp,5823
FishCastRodReq,5815
FishCastRodRsp,5826
FishChosenNotify,5845
FishEscapeNotify,5822
FishPoolDataNotify,5848
FishingGallerySettleNotify,8520
FleurFairBalloonSettleNotify,2038
FleurFairBuffEnergyNotify,5374
FleurFairFallSettleNotify,2043
FleurFairFinishGalleryStageNotify,5388
FleurFairMusicGameSettleReq,2055
FleurFairMusicGameSettleRsp,2068
FleurFairMusicGameStartReq,2054
FleurFairMusicGameStartRsp,2144
FleurFairReplayMiniGameReq,2170
FleurFairReplayMiniGameRsp,2028
FleurFairStageSettleNotify,5373
FlightActivityRestartReq,2156
FlightActivityRestartRsp,2101
FlightActivitySettleNotify,2118
FocusAvatarReq,1696
FocusAvatarRsp,1674
ForceAddPlayerFriendReq,4100
ForceAddPlayerFriendRsp,4057
ForceDragAvatarNotify,3289
ForceDragBackTransferNotify,3057
ForgeDataNotify,693
ForgeFormulaDataNotify,652
ForgeGetQueueDataReq,654
ForgeGetQueueDataRsp,643
ForgeQueueDataNotify,604
ForgeQueueManipulateReq,674
ForgeQueueManipulateRsp,673
ForgeStartReq,629
ForgeStartRsp,628
FoundationNotify,882
FoundationReq,875
FoundationRsp,846
FriendInfoChangeNotify,4022
FunitureMakeMakeInfoChangeNotify,4634
FurnitureCurModuleArrangeCountNotify,4746
FurnitureMakeBeHelpedNotify,4881
FurnitureMakeCancelReq,4826
FurnitureMakeCancelRsp,4853
FurnitureMakeFinishNotify,4753
FurnitureMakeHelpReq,4690
FurnitureMakeHelpRsp,4567
FurnitureMakeReq,4680
FurnitureMakeRsp,4812
FurnitureMakeStartReq,4793
FurnitureMakeStartRsp,4465
GMShowNavMeshReq,2400
GMShowNavMeshRsp,2357
GMShowObstacleReq,2334
GMShowObstacleRsp,2364
GachaOpenWishNotify,1541
GachaSimpleInfoNotify,1572
GachaWishReq,1516
GachaWishRsp,1556
GadgetAutoPickDropInfoNotify,865
GadgetChainLevelChangeNotify,877
GadgetChainLevelUpdateNotify,894
GadgetCustomTreeInfoNotify,833
GadgetGeneralRewardInfoNotify,812
GadgetInteractReq,890
GadgetInteractRsp,896
GadgetPlayDataNotify,859
GadgetPlayStartNotify,892
GadgetPlayStopNotify,863
GadgetPlayUidOpNotify,878
GadgetStateNotify,889
GadgetTalkChangeNotify,842
GalleryBalloonScoreNotify,5589
GalleryBalloonShootNotify,5596
GalleryBounceConjuringHitNotify,5575
GalleryBrokenFloorFallNotify,5578
GalleryBulletHitNotify,5559
GalleryFallCatchNotify,5516
GalleryFallScoreNotify,5556
GalleryFlowerCatchNotify,5592
GalleryPreStartNotify,5563
GalleryStartNotify,5590
GalleryStopNotify,5576
GallerySumoKillMonsterNotify,5546
GetActivityInfoReq,2044
GetActivityInfoRsp,2187
GetActivityScheduleReq,2169
GetActivityScheduleRsp,2182
GetActivityShopSheetInfoReq,741
GetActivityShopSheetInfoRsp,772
GetAllActivatedBargainDataReq,497
GetAllActivatedBargainDataRsp,481
GetAllH5ActivityInfoReq,5666
GetAllH5ActivityInfoRsp,5659
GetAllSceneGalleryInfoReq,5541
GetAllSceneGalleryInfoRsp,5572
GetAllUnlockNameCardReq,4095
GetAllUnlockNameCardRsp,4050
GetAreaExplorePointReq,243
GetAreaExplorePointRsp,229
GetAuthSalesmanInfoReq,2123
GetAuthSalesmanInfoRsp,2010
GetAuthkeyReq,1472
GetAuthkeyRsp,1492
GetBargainDataReq,448
GetBargainDataRsp,498
GetBattlePassProductReq,2620
GetBattlePassProductRsp,2623
GetBlossomBriefInfoListReq,2790
GetBlossomBriefInfoListRsp,2796
GetBonusActivityRewardReq,2599
GetBonusActivityRewardRsp,2575
GetChatEmojiCollectionReq,4019
GetChatEmojiCollectionRsp,4027
GetCityHuntingOfferReq,4317
GetCityHuntingOfferRsp,4349
GetCityReputationInfoReq,2890
GetCityReputationInfoRsp,2896
GetCityReputationMapInfoReq,2878
GetCityReputationMapInfoRsp,2812
GetCompoundDataReq,143
GetCompoundDataRsp,129
GetDailyDungeonEntryInfoReq,949
GetDailyDungeonEntryInfoRsp,918
GetDungeonEntryExploreConditionReq,3062
GetDungeonEntryExploreConditionRsp,3261
GetExpeditionAssistInfoListReq,2017
GetExpeditionAssistInfoListRsp,2056
GetFriendShowAvatarInfoReq,4015
GetFriendShowAvatarInfoRsp,4026
GetFriendShowNameCardInfoReq,4034
GetFriendShowNameCardInfoRsp,4064
GetFurnitureCurModuleArrangeCountReq,4845
GetGachaInfoReq,1590
GetGachaInfoRsp,1596
GetHomeLevelUpRewardReq,4503
GetHomeLevelUpRewardRsp,4757
GetHuntingOfferRewardReq,4315
GetHuntingOfferRewardRsp,4326
GetInvestigationMonsterReq,1909
GetInvestigationMonsterRsp,1922
GetMailItemReq,1476
GetMailItemRsp,1416
GetMapAreaReq,3273
GetMapAreaRsp,3286
GetMapMarkTipsReq,3008
GetMapMarkTipsRsp,3030
GetMechanicusInfoReq,3990
GetMechanicusInfoRsp,3996
GetNextResourceInfoReq,147
GetNextResourceInfoRsp,136
GetOnlinePlayerInfoReq,46
GetOnlinePlayerInfoRsp,82
GetOnlinePlayerListReq,72
GetOnlinePlayerListRsp,92
GetOpActivityInfoReq,5190
GetOpActivityInfoRsp,5196
GetPlayerAskFriendListReq,4069
GetPlayerAskFriendListRsp,4032
GetPlayerBlacklistReq,4029
GetPlayerBlacklistRsp,4028
GetPlayerFriendListReq,4090
GetPlayerFriendListRsp,4096
GetPlayerHomeCompInfoReq,4814
GetPlayerMpModeAvailabilityReq,1820
GetPlayerMpModeAvailabilityRsp,1823
GetPlayerSocialDetailReq,4092
GetPlayerSocialDetailRsp,4063
GetPlayerTokenReq,190
GetPlayerTokenRsp,196
GetPushTipsRewardReq,2295
GetPushTipsRewardRsp,2250
GetQuestTalkHistoryReq,472
GetQuestTalkHistoryRsp,492
GetRecentMpPlayerListReq,4035
GetRecentMpPlayerListRsp,4033
GetRegionSearchReq,5615
GetReunionMissionInfoReq,5070
GetReunionMissionInfoRsp,5073
GetReunionPrivilegeInfoReq,5074
GetReunionPrivilegeInfoRsp,5075
GetReunionSignInInfoReq,5065
GetReunionSignInInfoRsp,5076
GetSceneAreaReq,286
GetSceneAreaRsp,251
GetSceneNpcPositionReq,576
GetSceneNpcPositionRsp,516
GetScenePerformanceReq,3461
GetScenePerformanceRsp,3454
GetScenePointReq,265
GetScenePointRsp,299
GetShopReq,790
GetShopRsp,796
GetShopmallDataReq,716
GetShopmallDataRsp,756
GetSignInRewardReq,2516
GetSignInRewardRsp,2556
GetWidgetSlotReq,4258
GetWidgetSlotRsp,4291
GetWorldMpInfoReq,3100
GetWorldMpInfoRsp,3353
GiveUpRoguelikeDungeonCardReq,8253
GiveUpRoguelikeDungeonCardRsp,8563
GivingRecordChangeNotify,124
GivingRecordNotify,137
GmTalkNotify,50
GmTalkReq,96
GmTalkRsp,89
GrantRewardNotify,697
GroupLinkAllNotify,5759
GroupLinkChangeNotify,5766
GroupLinkDeleteNotify,5767
GroupSuiteNotify,3026
GroupUnloadNotify,3281
GuestBeginEnterSceneNotify,3457
GuestPostEnterSceneNotify,3145
H5ActivityIdsNotify,5667
HideAndSeekPlayerReadyNotify,5340
HideAndSeekPlayerSetAvatarNotify,5345
HideAndSeekSelectAvatarReq,5349
HideAndSeekSelectAvatarRsp,5318
HideAndSeekSelectSkillReq,8030
HideAndSeekSelectSkillRsp,8916
HideAndSeekSetReadyReq,5358
HideAndSeekSetReadyRsp,5315
HideAndSeekSettleNotify,5326
HitClientTrivialNotify,253
HitTreeNotify,3035
HomeAvatarAllFinishRewardNotify,4662
HomeAvatarCostumeChangeNotify,4713
HomeAvatarRewardEventGetReq,4788
HomeAvatarRewardEventGetRsp,4565
HomeAvatarRewardEventNotify,4626
HomeAvatarSummonAllEventNotify,4464
HomeAvatarSummonEventReq,4776
HomeAvatarSummonEventRsp,4647
HomeAvatarSummonFinishReq,4638
HomeAvatarSummonFinishRsp,4686
HomeAvatarTalkFinishInfoNotify,4768
HomeAvatarTalkReq,4522
HomeAvatarTalkRsp,4628
HomeAvtarAllFinishRewardNotify,4533
HomeBasicInfoNotify,4727
HomeBlockNotify,4705
HomeChangeEditModeReq,4879
HomeChangeEditModeRsp,4701
HomeChangeModuleReq,4587
HomeChangeModuleRsp,4516
HomeChooseModuleReq,4457
HomeChooseModuleRsp,4834
HomeComfortInfoNotify,4631
HomeCustomFurnitureInfoNotify,4510
HomeEditCustomFurnitureReq,4550
HomeEditCustomFurnitureRsp,4755
HomeFishFarmingInfoNotify,4882
HomeGetArrangementInfoReq,4593
HomeGetArrangementInfoRsp,4822
HomeGetBasicInfoReq,4858
HomeGetFishFarmingInfoReq,4807
HomeGetFishFarmingInfoRsp,4775
HomeGetOnlineStatusReq,4873
HomeGetOnlineStatusRsp,4649
HomeKickPlayerReq,4632
HomeKickPlayerRsp,4771
HomeLimitedShopBuyGoodsReq,4867
HomeLimitedShopBuyGoodsRsp,4823
HomeLimitedShopGoodsListReq,4515
HomeLimitedShopGoodsListRsp,4597
HomeLimitedShopInfoChangeNotify,4751
HomeLimitedShopInfoNotify,4825
HomeLimitedShopInfoReq,4511
HomeLimitedShopInfoRsp,4731
HomeMarkPointNotify,4551
HomeModuleSeenReq,4896
HomeModuleSeenRsp,4605
HomeModuleUnlockNotify,4660
HomePlantFieldNotify,4612
HomePlantInfoNotify,4852
HomePlantInfoReq,4600
HomePlantInfoRsp,4604
HomePlantSeedReq,4624
HomePlantSeedRsp,4479
HomePlantWeedReq,4476
HomePlantWeedRsp,4570
HomePriorCheckNotify,4501
HomeResourceNotify,4687
HomeResourceTakeFetterExpReq,4577
HomeResourceTakeFetterExpRsp,4519
HomeResourceTakeHomeCoinReq,4694
HomeResourceTakeHomeCoinRsp,4672
HomeSceneInitFinishReq,4613
HomeSceneInitFinishRsp,4536
HomeSceneJumpReq,4844
HomeSceneJumpRsp,4518
HomeTransferReq,4681
HomeTransferRsp,4741
HomeUpdateArrangementInfoReq,4461
HomeUpdateArrangementInfoRsp,4888
HomeUpdateFishFarmingInfoReq,4889
HomeUpdateFishFarmingInfoRsp,4764
HostPlayerNotify,389
HuntingFailNotify,4342
HuntingGiveUpReq,4331
HuntingGiveUpRsp,4321
HuntingOngoingNotify,4336
HuntingRevealClueNotify,4322
HuntingRevealFinalNotify,4320
HuntingStartNotify,4345
HuntingSuccessNotify,4323
InBattleMechanicusBuildingPointsNotify,5341
InBattleMechanicusCardResultNotify,5365
InBattleMechanicusConfirmCardNotify,5312
InBattleMechanicusConfirmCardReq,5359
InBattleMechanicusConfirmCardRsp,5378
InBattleMechanicusEscapeMonsterNotify,5320
InBattleMechanicusLeftMonsterNotify,5356
InBattleMechanicusPickCardNotify,5363
InBattleMechanicusPickCardReq,5372
InBattleMechanicusPickCardRsp,5392
InBattleMechanicusSettleNotify,5375
InteractDailyDungeonInfoNotify,945
InterruptGalleryReq,5512
InterruptGalleryRsp,5565
InvestigationMonsterUpdateNotify,1912
ItemAddHintNotify,616
ItemCdGroupTimeNotify,635
ItemGivingReq,101
ItemGivingRsp,169
JoinHomeWorldFailNotify,4611
JoinPlayerFailNotify,262
JoinPlayerSceneReq,247
JoinPlayerSceneRsp,236
KeepAliveNotify,90
LeaveSceneReq,296
LeaveSceneRsp,289
LeaveWorldNotify,3487
LevelupCityReq,237
LevelupCityRsp,224
LifeStateChangeNotify,1296
LiveEndNotify,870
LiveStartNotify,898
LoadActivityTerrainNotify,2165
LuaEnvironmentEffectNotify,3207
LuaSetOptionNotify,337
LunaRiteAreaFinishNotify,8209
LunaRiteGroupBundleRegisterNotify,8794
LunaRiteHintPointRemoveNotify,8663
LunaRiteHintPointReq,8351
LunaRiteHintPointRsp,8822
LunaRiteSacrificeReq,8447
LunaRiteSacrificeRsp,8980
LunaRiteTakeSacrificeRewardReq,8853
LunaRiteTakeSacrificeRewardRsp,8646
MailChangeNotify,1496
MainCoopUpdateNotify,1966
MapAreaChangeNotify,3018
MarkEntityInMinMapNotify,240
MarkMapReq,3483
MarkMapRsp,3050
MarkNewNotify,1278
MarkTargetInvestigationMonsterNotify,1924
MassiveEntityElementOpBatchNotify,400
MassiveEntityStateChangedNotify,315
MaterialDeleteReturnNotify,634
MaterialDeleteUpdateNotify,657
McoinExchangeHcoinReq,637
McoinExchangeHcoinRsp,624
MechanicusCandidateTeamCreateReq,3999
MechanicusCandidateTeamCreateRsp,3975
MechanicusCloseNotify,3956
MechanicusCoinNotify,3976
MechanicusLevelupGearReq,3992
MechanicusLevelupGearRsp,3963
MechanicusOpenNotify,3916
MechanicusSequenceOpenNotify,3989
MechanicusUnlockGearReq,3941
MechanicusUnlockGearRsp,3972
MeetNpcReq,541
MeetNpcRsp,572
MetNpcIdListNotify,556
MiracleRingDataNotify,5217
MiracleRingDeliverItemReq,5245
MiracleRingDeliverItemRsp,5222
MiracleRingDestroyNotify,5220
MiracleRingDropResultNotify,5226
MiracleRingTakeRewardReq,5249
MiracleRingTakeRewardRsp,5215
MistTrialDunegonFailNotify,8243
MistTrialGetChallengeMissionReq,8804
MistTrialGetChallengeMissionRsp,8558
MistTrialSelectAvatarAndEnterDungeonReq,8943
MistTrialSelectAvatarAndEnterDungeonRsp,8364
MonsterAIConfigHashNotify,3467
MonsterAlertChangeNotify,397
MonsterForceAlertNotify,381
MonsterPointArrayRouteUpdateNotify,3307
MonsterSummonTagNotify,1390
MpBlockNotify,1803
MpPlayGuestReplyInviteReq,1848
MpPlayGuestReplyInviteRsp,1812
MpPlayGuestReplyNotify,1819
MpPlayInviteResultNotify,1818
MpPlayOwnerCheckReq,1850
MpPlayOwnerCheckRsp,1824
MpPlayOwnerInviteNotify,1837
MpPlayOwnerStartInviteReq,1825
MpPlayOwnerStartInviteRsp,1843
MpPlayPrepareInterruptNotify,1847
MpPlayPrepareNotify,1844
MultistagePlayEndNotify,5366
MultistagePlayFinishStageReq,5396
MultistagePlayFinishStageRsp,5399
MultistagePlayInfoNotify,5390
MultistagePlaySettleNotify,5371
MultistagePlayStageEndNotify,5355
GetUgcRsp,6316
MusicGameGetBeatmapRsp,6309
MusicGameSettleReq,8512
MusicGameSettleRsp,8156
MusicGameStartReq,8292
MusicGameStartRsp,8128
MusicGameCreateBeatmapRsp,6347
GetUgcReq,6309
MusicGameSearchBeatmapRsp,6304
MusicGameSearchBeatmapReq,6343
MusicGameStartToPlayOthersBeatmapReq,6302
MusicGameStartToPlayOthersBeatmapRsp,6313
NavMeshStatsNotify,2337
NormalUidOpNotify,5709
NpcTalkReq,590
NpcTalkRsp,596
ObstacleModifyNotify,2389
OfferingInteractReq,2907
OfferingInteractRsp,2920
OneofGatherPointDetectorDataNotify,4297
OpActivityDataNotify,5189
OpActivityStateNotify,2590
OpActivityUpdateNotify,5176
OpenBlossomCircleCampGuideNotify,2741
OpenStateChangeNotify,195
OpenStateUpdateNotify,139
OrderDisplayNotify,4126
OrderFinishNotify,4117
OtherPlayerEnterHomeNotify,4876
PSNBlackListNotify,4001
PSNFriendListNotify,4024
PSPlayerApplyEnterMpReq,1831
PSPlayerApplyEnterMpRsp,1821
PathfindingEnterSceneReq,2316
PathfindingEnterSceneRsp,2356
PathfindingPingNotify,2376
PersonalLineAllDataReq,406
PersonalLineAllDataRsp,404
PersonalLineNewUnlockNotify,488
PersonalSceneJumpReq,268
PersonalSceneJumpRsp,293
PingReq,16
PingRsp,56
PlantFlowerAcceptAllGiveFlowerReq,8210
PlantFlowerAcceptAllGiveFlowerRsp,8456
PlantFlowerAcceptGiveFlowerReq,8561
PlantFlowerAcceptGiveFlowerRsp,8614
PlantFlowerEditFlowerCombinationReq,8639
PlantFlowerEditFlowerCombinationRsp,8379
PlantFlowerGetCanGiveFriendFlowerReq,8250
PlantFlowerGetCanGiveFriendFlowerRsp,8104
PlantFlowerGetFriendFlowerWishListReq,8562
PlantFlowerGetFriendFlowerWishListRsp,8571
PlantFlowerGetRecvFlowerListReq,8225
PlantFlowerGetRecvFlowerListRsp,8365
PlantFlowerGetSeedInfoReq,8915
PlantFlowerGetSeedInfoRsp,8809
PlantFlowerGiveFriendFlowerReq,8693
PlantFlowerGiveFriendFlowerRsp,8239
PlantFlowerHaveRecvFlowerNotify,8205
PlantFlowerSetFlowerWishReq,8043
PlantFlowerSetFlowerWishRsp,8180
PlantFlowerTakeSeedRewardReq,8467
PlantFlowerTakeSeedRewardRsp,8868
PlatformChangeRouteNotify,219
PlatformStartRouteNotify,269
PlatformStopRouteNotify,232
PlayerAllowEnterMpAfterAgreeMatchNotify,4173
PlayerApplyEnterHomeNotify,4549
PlayerApplyEnterHomeResultNotify,4832
PlayerApplyEnterHomeResultReq,4591
PlayerApplyEnterHomeResultRsp,4725
PlayerApplyEnterMpAfterMatchAgreedNotify,4186
PlayerApplyEnterMpNotify,1809
PlayerApplyEnterMpReq,1816
PlayerApplyEnterMpResultNotify,1849
PlayerApplyEnterMpResultReq,1815
PlayerApplyEnterMpResultRsp,1826
PlayerApplyEnterMpRsp,1817
PlayerCancelMatchReq,4199
PlayerCancelMatchRsp,4165
PlayerChatCDNotify,3019
PlayerChatNotify,3103
PlayerChatReq,3065
PlayerChatRsp,3425
PlayerCompoundMaterialReq,133
PlayerCompoundMaterialRsp,183
PlayerConfirmMatchReq,4172
PlayerConfirmMatchRsp,4170
PlayerCookArgsReq,132
PlayerCookArgsRsp,119
PlayerCookReq,150
PlayerCookRsp,148
PlayerDataNotify,172
PlayerEnterDungeonReq,989
PlayerEnterDungeonRsp,976
PlayerEnterSceneInfoNotify,291
PlayerEnterSceneNotify,290
PlayerEyePointStateNotify,3222
PlayerFishingDataNotify,5837
PlayerForceExitReq,152
PlayerForceExitRsp,144
PlayerGameTimeNotify,159
PlayerGeneralMatchConfirmNotify,4171
PlayerGeneralMatchDismissNotify,4181
PlayerGetForceQuitBanInfoReq,4200
PlayerGetForceQuitBanInfoRsp,4174
PlayerHomeCompInfoNotify,4617
PlayerInjectFixNotify,122
PlayerInvestigationAllInfoNotify,1917
PlayerInvestigationNotify,1910
PlayerInvestigationTargetNotify,1927
PlayerLevelRewardUpdateNotify,157
PlayerLoginReq,189
PlayerLoginRsp,176
PlayerLogoutNotify,141
PlayerLogoutReq,116
PlayerLogoutRsp,156
PlayerLuaShellNotify,127
PlayerMatchAgreedResultNotify,4192
PlayerMatchInfoNotify,4167
PlayerMatchStopNotify,4176
PlayerMatchSuccNotify,4195
PlayerOfferingDataNotify,2918
PlayerOfferingReq,2908
PlayerOfferingRsp,2912
PlayerPreEnterMpNotify,1822
PlayerPropChangeNotify,142
PlayerPropChangeReasonNotify,1263
PlayerPropNotify,178
PlayerQuitDungeonReq,916
PlayerQuitDungeonRsp,956
PlayerQuitFromHomeNotify,4745
PlayerQuitFromMpNotify,1845
PlayerRandomCookReq,198
PlayerRandomCookRsp,197
PlayerRechargeDataNotify,4115
PlayerReportReq,4074
PlayerReportRsp,4073
PlayerRoutineDataNotify,3509
PlayerSetLanguageReq,188
PlayerSetLanguageRsp,149
PlayerSetOnlyMPWithPSPlayerReq,1842
PlayerSetOnlyMPWithPSPlayerRsp,1836
PlayerSetPauseReq,174
PlayerSetPauseRsp,173
PlayerStartMatchReq,4159
PlayerStartMatchRsp,4166
PlayerStoreNotify,690
PlayerTimeNotify,128
PlayerWorldSceneInfoListNotify,3205
PostEnterSceneReq,3479
PostEnterSceneRsp,3417
PrivateChatNotify,5039
PrivateChatReq,5040
PrivateChatRsp,5046
PrivateChatSetSequenceReq,4985
PrivateChatSetSequenceRsp,4957
ProfilePictureChangeNotify,4037
ProjectorOptionReq,897
ProjectorOptionRsp,881
ProudSkillChangeNotify,1059
ProudSkillExtraLevelNotify,1099
ProudSkillUpgradeReq,1092
ProudSkillUpgradeRsp,1063
PullPrivateChatReq,5006
PullPrivateChatRsp,4991
PullRecentChatReq,5022
PullRecentChatRsp,5042
PushTipsAllDataNotify,2277
PushTipsChangeNotify,2286
PushTipsReadFinishReq,2251
PushTipsReadFinishRsp,2239
QueryCodexMonsterBeKilledNumReq,4203
QueryCodexMonsterBeKilledNumRsp,4208
QueryPathReq,2390
QueryPathRsp,2396
QuestCreateEntityReq,463
QuestCreateEntityRsp,459
QuestDelNotify,489
QuestDestroyEntityReq,478
QuestDestroyEntityRsp,412
QuestDestroyNpcReq,477
QuestDestroyNpcRsp,486
QuestGlobalVarNotify,435
QuestListNotify,490
QuestListUpdateNotify,496
QuestProgressUpdateNotify,446
QuestTransmitReq,433
QuestTransmitRsp,483
QuestUpdateQuestTimeVarNotify,473
QuestUpdateQuestVarNotify,494
QuestUpdateQuestVarReq,482
QuestUpdateQuestVarRsp,442
QuickUseWidgetReq,4273
QuickUseWidgetRsp,4292
ReadMailNotify,1489
ReadPrivateChatReq,5013
ReadPrivateChatRsp,5009
ReceivedTrialAvatarActivityRewardReq,2003
ReceivedTrialAvatarActivityRewardRsp,2067
RechargeReq,4109
RechargeRsp,4116
RedeemLegendaryKeyReq,454
RedeemLegendaryKeyRsp,443
RefreshBackgroundAvatarReq,1755
RefreshBackgroundAvatarRsp,1705
RefreshRoguelikeDungeonCardReq,8702
RefreshRoguelikeDungeonCardRsp,8844
RegionSearchChangeRegionNotify,5616
RegionSearchNotify,5609
ReliquaryDecomposeReq,660
ReliquaryDecomposeRsp,680
ReliquaryPromoteReq,695
ReliquaryPromoteRsp,650
ReliquaryUpgradeReq,651
ReliquaryUpgradeRsp,639
RemoveBlacklistReq,4097
RemoveBlacklistRsp,4081
RemoveRandTaskInfoNotify,134
ReportFightAntiCheatNotify,319
ReportTrackingIOInfoNotify,4145
RequestLiveInfoReq,850
RequestLiveInfoRsp,848
ResinCardDataUpdateNotify,4123
ResinChangeNotify,688
RestartEffigyChallengeReq,2060
RestartEffigyChallengeRsp,2106
ReunionActivateNotify,5087
ReunionBriefInfoReq,5059
ReunionBriefInfoRsp,5066
ReunionDailyRefreshNotify,5062
ReunionPrivilegeChangeNotify,5098
ReunionSettleNotify,5093
RobotPushPlayerDataNotify,65
RogueCellUpdateNotify,8385
RogueDungeonPlayerCellChangeNotify,8229
RogueHealAvatarsReq,8236
RogueHealAvatarsRsp,8596
RogueResumeDungeonReq,8203
RogueResumeDungeonRsp,8340
RogueSwitchAvatarReq,8165
RogueSwitchAvatarRsp,8578
RoguelikeCardGachaNotify,8649
RoguelikeEffectDataNotify,8729
RoguelikeEffectViewReq,8839
RoguelikeEffectViewRsp,8593
RoguelikeGiveUpReq,8215
RoguelikeGiveUpRsp,8451
RoguelikeMistClearNotify,8496
RoguelikeRefreshCardCostUpdateNotify,8473
RoguelikeResourceBonusPropUpdateNotify,8322
RoguelikeRuneRecordUpdateNotify,8363
RoguelikeSelectAvatarAndEnterDungeonReq,8438
RoguelikeSelectAvatarAndEnterDungeonRsp,8945
RoguelikeTakeStageFirstPassRewardReq,8803
RoguelikeTakeStageFirstPassRewardRsp,8271
SalesmanDeliverItemReq,2120
SalesmanDeliverItemRsp,2190
SalesmanTakeRewardReq,2018
SalesmanTakeRewardRsp,2159
SalesmanTakeSpecialRewardReq,2073
SalesmanTakeSpecialRewardRsp,2162
SaveCoopDialogReq,1962
SaveCoopDialogRsp,1969
SaveMainCoopReq,1967
SaveMainCoopRsp,1999
SceneAreaUnlockNotify,239
SceneAreaWeatherNotify,249
SceneAudioNotify,3231
SceneAvatarStaminaStepReq,263
SceneAvatarStaminaStepRsp,259
SceneCreateEntityReq,248
SceneCreateEntityRsp,298
SceneDataNotify,3320
SceneDestroyEntityReq,297
SceneDestroyEntityRsp,281
SceneEntitiesMoveCombineNotify,3357
SceneEntitiesMovesReq,255
SceneEntitiesMovesRsp,266
SceneEntityAppearNotify,256
SceneEntityDisappearNotify,241
SceneEntityDrownReq,295
SceneEntityDrownRsp,250
SceneEntityMoveNotify,278
SceneEntityMoveReq,272
SceneEntityMoveRsp,292
SceneEntityUpdateNotify,3060
SceneForceLockNotify,235
SceneForceUnlockNotify,270
SceneGalleryInfoNotify,5599
SceneInitFinishReq,276
SceneInitFinishRsp,216
SceneKickPlayerNotify,280
SceneKickPlayerReq,238
SceneKickPlayerRsp,260
ScenePlayBattleInfoListNotify,4449
ScenePlayBattleInfoNotify,4440
ScenePlayBattleInterruptNotify,4428
ScenePlayBattleResultNotify,4362
ScenePlayBattleUidOpNotify,4415
ScenePlayGuestReplyInviteReq,4391
ScenePlayGuestReplyInviteRsp,4422
ScenePlayGuestReplyNotify,4442
ScenePlayInfoListNotify,4409
ScenePlayInviteResultNotify,4413
ScenePlayOutofRegionNotify,4425
ScenePlayOwnerCheckReq,4446
ScenePlayOwnerCheckRsp,4439
ScenePlayOwnerInviteNotify,4406
ScenePlayOwnerStartInviteReq,4426
ScenePlayOwnerStartInviteRsp,4366
ScenePlayerInfoNotify,218
ScenePlayerLocationNotify,212
ScenePlayerSoundNotify,227
ScenePointUnlockNotify,282
SceneRouteChangeNotify,201
SceneTeamUpdateNotify,1646
SceneTimeNotify,217
SceneTransToPointReq,242
SceneTransToPointRsp,294
SceneWeatherForcastReq,3338
SceneWeatherForcastRsp,3354
SeaLampCoinNotify,2107
SeaLampContributeItemReq,2093
SeaLampContributeItemRsp,2198
SeaLampFlyLampNotify,2126
SeaLampFlyLampReq,2032
SeaLampFlyLampRsp,2171
SeaLampPopularityNotify,2124
SeaLampTakeContributionRewardReq,2076
SeaLampTakeContributionRewardRsp,2016
SeaLampTakePhaseRewardReq,2115
SeaLampTakePhaseRewardRsp,2153
SealBattleBeginNotify,252
SealBattleEndNotify,244
SealBattleProgressNotify,222
SeeMonsterReq,221
SeeMonsterRsp,214
SelectAsterMidDifficultyReq,2007
SelectAsterMidDifficultyRsp,2094
SelectEffigyChallengeConditionReq,2009
SelectEffigyChallengeConditionRsp,2040
SelectRoguelikeDungeonCardReq,8062
SelectRoguelikeDungeonCardRsp,8423
SelectWorktopOptionReq,816
SelectWorktopOptionRsp,856
ServerAnnounceNotify,2097
ServerAnnounceRevokeNotify,2167
ServerBuffChangeNotify,334
ServerCondMeetQuestListUpdateNotify,470
ServerDisconnectClientNotify,168
ServerGlobalValueChangeNotify,1165
ServerLogNotify,59
ServerMessageNotify,5716
ServerTimeNotify,63
ServerUpdateGlobalValueNotify,1112
SetBattlePassViewedReq,2631
SetBattlePassViewedRsp,2621
SetChatEmojiCollectionReq,4068
SetChatEmojiCollectionRsp,4093
SetCoopChapterViewedReq,1968
SetCoopChapterViewedRsp,1997
SetCurExpeditionChallengeIdReq,2114
SetCurExpeditionChallengeIdRsp,2086
SetEntityClientDataNotify,3424
SetEquipLockStateReq,632
SetEquipLockStateRsp,619
SetFriendEnterHomeOptionReq,4621
SetFriendEnterHomeOptionRsp,4548
SetFriendRemarkNameReq,4088
SetFriendRemarkNameRsp,4049
SetH5ActivityRedDotTimestampReq,5699
SetH5ActivityRedDotTimestampRsp,5665
SetIsAutoUnlockSpecificEquipReq,636
SetIsAutoUnlockSpecificEquipRsp,638
SetLimitOptimizationNotify,8599
SetNameCardReq,4051
SetNameCardRsp,4039
SetOpenStateReq,186
SetOpenStateRsp,151
SetPlayerBirthdayReq,4012
SetPlayerBirthdayRsp,4065
SetPlayerBornDataReq,175
SetPlayerBornDataRsp,146
SetPlayerHeadImageReq,4046
SetPlayerHeadImageRsp,4082
SetPlayerNameReq,194
SetPlayerNameRsp,177
SetPlayerPropReq,165
SetPlayerPropRsp,199
SetPlayerSignatureReq,4099
SetPlayerSignatureRsp,4075
SetSceneWeatherAreaReq,223
SetSceneWeatherAreaRsp,230
SetUpAvatarTeamReq,1639
SetUpAvatarTeamRsp,1800
SetUpLunchBoxWidgetReq,4272
SetUpLunchBoxWidgetRsp,4270
SetWidgetSlotReq,4251
SetWidgetSlotRsp,4296
ShowClientGuideNotify,3382
ShowClientTutorialNotify,3129
ShowCommonTipsNotify,3128
ShowMessageNotify,76
ShowTemplateReminderNotify,3333
SignInInfoReq,2589
SignInInfoRsp,2576
SocialDataNotify,4083
SpringUseReq,1660
SpringUseRsp,1706
StartArenaChallengeLevelReq,2125
StartArenaChallengeLevelRsp,2021
StartBuoyantCombatGalleryReq,8511
StartBuoyantCombatGalleryRsp,8263
StartCoopPointReq,1971
StartCoopPointRsp,2000
StartEffigyChallengeReq,2088
StartEffigyChallengeRsp,2042
StartFishingReq,5817
StartFishingRsp,5849
StartRogueEliteCellChallengeReq,8971
StartRogueEliteCellChallengeRsp,8015
StartRogueNormalCellChallengeReq,8732
StartRogueNormalCellChallengeRsp,8495
StoreItemChangeNotify,689
StoreItemDelNotify,676
StoreWeightLimitNotify,696
SummerTimeFloatSignalPositionNotify,8506
SummerTimeFloatSignalUpdateNotify,8618
SummerTimeSprintBoatRestartReq,8782
SummerTimeSprintBoatRestartRsp,8132
SummerTimeSprintBoatSettleNotify,8406
SumoDungeonSettleNotify,8047
SumoEnterDungeonNotify,8698
SumoLeaveDungeonNotify,8552
SumoRestartDungeonReq,8817
SumoRestartDungeonRsp,8584
SumoSaveTeamReq,8444
SumoSaveTeamRsp,8722
SumoSelectTeamAndEnterDungeonReq,8409
SumoSelectTeamAndEnterDungeonRsp,8280
SumoSetNoSwitchPunishTimeNotify,8997
SumoSwitchTeamReq,8324
SumoSwitchTeamRsp,8317
SyncScenePlayTeamEntityNotify,3170
SyncTeamEntityNotify,326
TakeAchievementGoalRewardReq,2665
TakeAchievementGoalRewardRsp,2676
TakeAchievementRewardReq,2667
TakeAchievementRewardRsp,2699
TakeAsterSpecialRewardReq,2036
TakeAsterSpecialRewardRsp,2050
TakeBattlePassMissionPointReq,2645
TakeBattlePassMissionPointRsp,2622
TakeBattlePassRewardReq,2615
TakeBattlePassRewardRsp,2626
TakeCityReputationExploreRewardReq,2865
TakeCityReputationExploreRewardRsp,2899
TakeCityReputationLevelRewardReq,2889
TakeCityReputationLevelRewardRsp,2876
TakeCityReputationParentQuestReq,2856
TakeCityReputationParentQuestRsp,2841
TakeCompoundOutputReq,106
TakeCompoundOutputRsp,104
TakeCoopRewardReq,1993
TakeCoopRewardRsp,1987
TakeDeliveryDailyRewardReq,2140
TakeDeliveryDailyRewardRsp,2005
TakeEffigyFirstPassRewardReq,2099
TakeEffigyFirstPassRewardRsp,2191
TakeEffigyRewardReq,2113
TakeEffigyRewardRsp,2078
TakeFirstShareRewardReq,4006
TakeFirstShareRewardRsp,4004
TakeFurnitureMakeReq,4709
TakeFurnitureMakeRsp,4710
TakeHuntingOfferReq,4309
TakeHuntingOfferRsp,4316
TakeInvestigationRewardReq,1907
TakeInvestigationRewardRsp,1915
TakeInvestigationTargetRewardReq,1911
TakeInvestigationTargetRewardRsp,1930
TakeMaterialDeleteReturnReq,664
TakeMaterialDeleteReturnRsp,700
TakeOfferingLevelRewardReq,2905
TakeOfferingLevelRewardRsp,2922
TakePlayerLevelRewardReq,164
TakePlayerLevelRewardRsp,200
TakeRegionSearchRewardReq,5617
TakeRegionSearchRewardRsp,5649
TakeResinCardDailyRewardReq,4122
TakeResinCardDailyRewardRsp,4120
TakeReunionFirstGiftRewardReq,5067
TakeReunionFirstGiftRewardRsp,5099
TakeReunionMissionRewardReq,5071
TakeReunionMissionRewardRsp,5100
TakeReunionSignInRewardReq,5095
TakeReunionSignInRewardRsp,5072
TakeReunionWatcherRewardReq,5092
TakeReunionWatcherRewardRsp,5086
TakeoffEquipReq,675
TakeoffEquipRsp,646
TaskVarNotify,107
TeamResonanceChangeNotify,1046
TowerAllDataReq,2472
TowerAllDataRsp,2492
TowerBriefDataNotify,2490
TowerBuffSelectReq,2412
TowerBuffSelectRsp,2465
TowerCurLevelRecordChangeNotify,2489
TowerDailyRewardProgressChangeNotify,2476
TowerEnterLevelReq,2459
TowerEnterLevelRsp,2478
TowerFloorRecordChangeNotify,2496
TowerGetFloorStarRewardReq,2451
TowerGetFloorStarRewardRsp,2439
TowerLevelEndNotify,2481
TowerLevelStarCondNotify,2470
TowerMiddleLevelChangeTeamNotify,2435
TowerRecordHandbookReq,2433
TowerRecordHandbookRsp,2483
TowerSurrenderReq,2477
TowerSurrenderRsp,2486
TowerTeamSelectReq,2456
TowerTeamSelectRsp,2441
TreasureMapBonusChallengeNotify,2149
TreasureMapCurrencyNotify,2175
TreasureMapDetectorDataNotify,4262
TreasureMapGuideTaskDoneNotify,2168
TreasureMapHostInfoNotify,8750
TreasureMapMpChallengeNotify,2083
TreasureMapPreTaskDoneNotify,2136
TreasureMapRegionActiveNotify,2090
TreasureMapRegionInfoNotify,2117
TrialAvatarFirstPassDungeonNotify,2089
TrialAvatarInDungeonIndexNotify,2127
TriggerCreateGadgetToEquipPartNotify,333
TriggerRoguelikeCurseNotify,8674
TriggerRoguelikeRuneReq,8307
TriggerRoguelikeRuneRsp,8163
TryEnterHomeReq,4504
TryEnterHomeRsp,4744
UnfreezeGroupLimitNotify,3443
UnionCmdNotify,75
LastPacketPrintNotify,48
SalvagePreventSettleNotify,8120
HomeEnterEditModeFinishReq,4892
ReplayCustomDungeonRsp,6240
SpiceActivityFinishMakeSpiceRsp,8572
GachaActivityTakeRewardRsp,8843
MistTrialGetDungeonExhibitionDataRsp,8086
CrystalLinkEnterDungeonRsp,8602
ChangeCustomDungeonRoomRsp,6220
MistTrialGetDungeonExhibitionDataReq,8459
ActivityGetRecvGiftListRsp,8806
ReformFireworksReq,6082
CrystalLinkRestartDungeonReq,8237
LaunchFireworksReq,6022
WinterCampGetCanGiveFriendItemRsp,8328
PublishUgcReq,6320
GachaActivityCreateRobotReq,8314
GachaActivityCreateRobotRsp,8273
SpiceActivityProcessFoodReq,8199
PotionSaveDungeonResultReq,8613
WinterCampRecvItemNotify,8869
StartRogueDiaryPlayReq,8884
BartenderFinishLevelReq,8145
SalvageEscortSettleNotify,8856
HomeChangeBgmReq,4470
EvtBeingHealedNotify,327
GetCustomDungeonReq,6201
IrodoriChessEquipCardReq,8466
ResetRogueDiaryPlayRsp,8084
SpiceActivityProcessFoodRsp,8682
HomeBalloonGalleryScoreNotify,4606
PhotoActivityFinishRsp,8644
QuickOpenActivityReq,8347
LanternRiteDoFireworksReformReq,8462
RogueDiaryCoinAddNotify,8629
RogueDiaryRepairInfoNotify,8848
PhotoActivityFinishReq,8138
ViewLanternProjectionTipsRsp,8155
MichiaeMatsuriInteractStatueRsp,8535
TryEnterNextRogueDiaryDungeonReq,8366
ActivityAcceptGiveGiftRsp,8244
RogueDiaryDungeonInfoNotify,8967
StartRogueDiaryRoomReq,8096
LevelTagDataNotify,3263
StoreCustomDungeonReq,6247
WinterCampGetRecvItemListReq,8852
GachaActivityResetRsp,8715
WinterCampRaceScoreNotify,8761
MainCoopFailNotify,1953
CheckUgcStateReq,6321
WinterCampTakeBattleRewardRsp,8859
ActivityGetRecvGiftListReq,8977
SalvagePreventRestartRsp,8807
TryInterruptRogueDiaryDungeonRsp,8267
WinterCampGiveFriendItemRsp,8579
RogueFinishRepairRsp,8494
IrodoriChessUnequipCardRsp,8424
MichiaeMatsuriUnlockCrystalSkillRsp,8432
SaveUgcReq,6345
ResetRogueDiaryPlayReq,8710
CrystalLinkDungeonInfoNotify,8587
SaveCustomDungeonRoomRsp,6249
WinterCampEditSnowmanCombinationReq,8029
SearchCustomDungeonRsp,6218
BartenderCancelOrderReq,8014
WinterCampTriathlonSettleNotify,8113
ViewLanternProjectionLevelTipsRsp,8275
WinterCampTriathlonRestartReq,8586
ServerCombatEndNotify,1175
ReadSignatureAuditRsp,4038
GetGameplayRecommendationReq,114
TryInterruptRogueDiaryDungeonReq,8230
ResumeRogueDiaryDungeonReq,8882
EnterIrodoriChessDungeonReq,8010
GetRecommendCustomDungeonReq,6237
GachaActivityUpdateElemNotify,8714
ActivityHaveRecvGiftNotify,8615
WinterCampAcceptGiveItemReq,8875
MistTrialSettleNotify,8393
HomeRacingGallerySettleNotify,4840
QuickOpenActivityRsp,8867
SaveUgcRsp,6322
BartenderCancelOrderRsp,8110
MichiaeMatsuriRemoveChestMarkNotify,8051
GachaActivityResetReq,8876
GachaActivityNextStageRsp,8922
WinterCampSetWishListReq,8415
RetryCurRogueDiaryDungeonRsp,8959
BartenderStartLevelReq,8272
ResumeRogueDiaryDungeonRsp,8402
OutStuckCustomDungeonReq,6206
EnterIrodoriChessDungeonRsp,8056
RetryCurRogueDiaryDungeonReq,8290
WinterCampGetFriendWishListRsp,8651
HomeChangeBgmNotify,4897
GachaActivityPercentNotify,8789
RegionalPlayInfoNotify,6259
PotionEnterDungeonRsp,8055
LikeCustomDungeonReq,6232
ChangeCustomDungeonRoomReq,6222
GetRecommendCustomDungeonRsp,6248
CrystalLinkRestartDungeonRsp,8095
RemoveCustomDungeonReq,6223
BackPlayCustomDungeonOfficialRsp,6241
PlayerSignatureAuditDataNotify,4007
GalleryCrystalLinkKillMonsterNotify,5582
GetRogueDairyRepairInfoReq,8083
HomeClearGroupRecordRsp,4527
IrodoriChessPlayerInfoNotify,5338
LanternRiteDoFireworksReformRsp,8191
GetStoreCustomDungeonReq,6212
TryCustomDungeonRsp,6231
GetParentQuestVideoKeyRsp,426
IrodoriEditFlowerCombinationReq,8944
PotionSaveDungeonResultRsp,8524
PotionEnterDungeonReq,8152
WidgetUpdateExtraCDReq,6051
UgcNotify,6331
IrodoriChessUnequipCardReq,8995
EnterRogueDiaryDungeonRsp,8609
TryCustomDungeonReq,6236
RefreshRogueDiaryCardReq,8313
PhotoActivityClientViewReq,8864
ActivityAcceptGiveGiftReq,8091
SearchCustomDungeonReq,6244
UpdateSalvageBundleMarkReq,8082
ReadNicknameAuditRsp,167
AllShareCDDataNotify,9090
GetUgcBriefInfoReq,6317
IrodoriFillPoetryReq,8769
LanternRiteTakeSkinRewardReq,8354
RemoveCustomDungeonRsp,6242
CustomDungeonRecoverNotify,6207
SetCodexPushtipsReadRsp,4207
LanternRiteEndFireworksReformRsp,8160
ActivitySetGiftWishReq,8921
WinterCampGetFriendWishListReq,8013
FinishLanternProjectionRsp,8348
ActivitySetGiftWishRsp,8429
WinterCampTakeExploreRewardReq,8140
WidgetUpdateExtraCDRsp,5944
SignatureAuditConfigNotify,4047
BartenderCompleteOrderReq,8671
HomeGetGroupRecordReq,4756
MichiaeMatsuriDarkPressureLevelUpdateNotify,8616
RefreshRogueDiaryCardRsp,8688
ReplayCustomDungeonReq,6211
ReserveRogueDiaryAvatarRsp,8973
StartRogueDiaryRoomRsp,8162
BartenderStartLevelRsp,8846
IrodoriFillPoetryRsp,8910
EnterCustomDungeonRsp,6216
CheckUgcUpdateReq,6342
CrystalLinkEnterDungeonReq,8764
BartenderCancelLevelReq,8269
BartenderLevelProgressNotify,8403
LanternRiteEndFireworksReformReq,8245
GetParentQuestVideoKeyReq,415
SalvageEscortRestartRsp,8053
LuminanceStoneChallengeSettleNotify,8785
PublishCustomDungeonReq,6221
ActivityAcceptAllGiveGiftRsp,8004
FinishLanternProjectionReq,8958
ReformFireworksRsp,6065
HomePreChangeEditModeNotify,4490
SpiceActivityFinishMakeSpiceReq,8931
PlayerNicknameNotify,185
IrodoriMasterStartGalleryRsp,8754
LanternRiteStartFireworksReformRsp,8555
GetUgcBriefInfoRsp,6349
EnterCustomDungeonReq,6209
GlobalBuildingInfoNotify,5336
GetQuestLackingResourceReq,418
ExitCustomDungeonTryReq,6224
ActivityGiveFriendGiftRsp,8158
WidgetCaptureAnimalReq,4285
WinterCampEditSnowmanCombinationRsp,8442
WidgetCaptureAnimalRsp,4277
GetGameplayRecommendationRsp,102
IrodoriChessEquipCardRsp,8650
LanternRiteTakeSkinRewardRsp,8928
ClientRemoveCombatEndModifierNotify,1146
WinterCampTakeExploreRewardRsp,8648
HomeUpdatePictureFrameInfoRsp,4543
BartenderGetFormulaRsp,8543
SaveCustomDungeonRoomReq,6217
PlayerNicknameAuditDataNotify,120
HomeEnterEditModeFinishRsp,4769
ViewLanternProjectionTipsReq,8724
ActivityGetCanGiveFriendGiftRsp,8939
StoreCustomDungeonRsp,6203
ActivityBannerClearRsp,2116
EvtLocalGadgetOwnerLeaveSceneNotify,368
SetCodexPushtipsReadReq,4205
WinterCampAcceptGiveItemRsp,8018
RogueFinishRepairReq,8965
HomeGalleryInPlayingNotify,5594
HomeClearGroupRecordReq,4582
PotionRestartDungeonRsp,8126
PlayerSignatureNotify,4091
ReserveRogueDiaryAvatarReq,8990
TryEnterNextRogueDiaryDungeonRsp,8947
PublishUgcRsp,6323
ReadNicknameAuditReq,125
GetCustomDungeonRsp,6246
WinterCampAcceptAllGiveItemReq,8357
WinterCampGetCanGiveFriendItemReq,8446
ActivityAcceptAllGiveGiftReq,8590
GetQuestLackingResourceRsp,458
WinterCampStageInfoChangeNotify,8966
ActivityGetFriendGiftWishListRsp,8073
HomeSeekFurnitureGalleryScoreNotify,4791
WinterCampGiveFriendItemReq,8673
HomeAllUnlockedBgmIdListNotify,4820
LanternRiteStartFireworksReformReq,8079
GroupLinkMarkUpdateNotify,5799
FireworksReformDataNotify,5902
CheckUgcUpdateRsp,6336
RogueDiaryReviveAvatarReq,8770
ReadSignatureAuditReq,4036
HomeNewUnlockedBgmIdListNotify,4669
IrodoriChessLeftMonsterNotify,5360
MichiaeMatsuriStartDarkChallengeRsp,8021
MichiaeMatsuriUnlockCrystalSkillReq,8006
NicknameAuditConfigNotify,131
OutStuckCustomDungeonRsp,6238
BartenderGetFormulaReq,8525
PotionResetChallengeReq,8712
WinterCampTriathlonRestartRsp,8262
GetStoreCustomDungeonRsp,6219
NpcTalkStateNotify,449
SkyCrystalDetectorDataUpdateNotify,4275
IrodoriScanEntityRsp,8540
HomePictureFrameInfoNotify,4683
CustomDungeonOfficialNotify,6213
HomeUpdatePictureFrameInfoReq,4836
RogueDiaryTiredAvatarNotify,8927
ServerTryCancelGeneralMatchNotify,4175
GachaActivityNextStageReq,8707
LaunchFireworksRsp,6086
FireworksLaunchDataNotify,5949
SpiceActivityGivingRecordNotify,8739
IrodoriScanEntityReq,8825
IrodoriMasterGallerySettleNotify,8390
ActivityGetFriendGiftWishListReq,8391
CheckUgcStateRsp,6350
HomeBalloonGallerySettleNotify,4782
MichiaeMatsuriStartBossChallengeReq,8214
Unk2700_NGPMINKIOPK,8956
CustomDungeonBattleRecordNotify,6234
ActivityBannerNotify,2160
BartenderFinishLevelRsp,8513
UpdateSalvageBundleMarkRsp,8139
WinterCampAcceptAllGiveItemRsp,8440
WinterCampSetWishListRsp,8598
GachaActivityTakeRewardReq,8311
IrodoriMasterGalleryCgEndNotify,8577
EnterRogueDiaryDungeonReq,8665
GalleryCrystalLinkBuffInfoNotify,5542
HomeGetGroupRecordRsp,4594
MichiaeMatsuriRemoveChallengeMarkNotify,8836
MichiaeMatsuriGainCrystalExpUpdateNotify,8147
MichiaeMatsuriInteractStatueReq,8531
MichiaeMatsuriStartDarkChallengeReq,8797
PotionResetChallengeRsp,8327
BartenderCancelLevelRsp,8536
CustomDungeonUpdateNotify,6243
HomeChangeBgmRsp,4794
BartenderCompleteOrderRsp,8796
ActivityGiveFriendGiftReq,8811
ActivityBannerClearReq,2053
BackPlayCustomDungeonOfficialReq,6208
SalvageEscortRestartReq,8178
MichiaeMatsuriStartBossChallengeRsp,8061
RogueDiaryReviveAvatarRsp,8841
WinterCampTakeBattleRewardReq,8430
TanukiTravelFinishGuideQuestNotify,8503
ViewLanternProjectionLevelTipsReq,8213
GetRogueDairyRepairInfoRsp,8005
PublishCustomDungeonRsp,6250
IrodoriEditFlowerCombinationRsp,8387
ActivityGetCanGiveFriendGiftReq,8594
IrodoriMasterStartGalleryReq,8260
ExitCustomDungeonTryRsp,6225
PotionEnterDungeonNotify,8360
SalvagePreventRestartReq,8411
RogueDiaryDungeonSettleNotify,8516
WinterCampGetRecvItemListRsp,8483
PhotoActivityClientViewRsp,8982
StartRogueDiaryPlayRsp,8256
PotionRestartDungeonReq,8252
LikeCustomDungeonRsp,6230
GearActivityFinishPlayGearRsp,21164
NightCrowGadgetObservationMatchRsp,854
GearActivityStartPlayPictureReq,20870
ActivityReadPushTipsRsp,8697
IslandPartyRaftInfoNotify,5586
GearActivityStartPlayGearReq,24658
SummerTimeV2RestartDungeonReq,8265
NightCrowGadgetObservationMatchReq,804
InvestigationReadQuestDailyNotify,1904
InvestigationQuestDailyNotify,1918
GearActivityFinishPlayPictureRsp,22295
GearActivityStartPlayGearRsp,20410
IslandPartySettleNotify,21749
GearActivityStartPlayPictureRsp,20091
TakeBackGivingItemRsp,117
GalleryWillStartCountdownNotify,5550
ActivityPushTipsInfoNotify,8802
PersistentDungeonSwitchAvatarReq,1685
SummerTimeV2RestartBoatGalleryReq,8064
StopReminderNotify,3496
IslandPartySailInfoNotify,5551
SummerTimeV2RestartDungeonRsp,8166
GearActivityFinishPlayGearReq,22172
BackRebornGalleryReq,5539
PersistentDungeonSwitchAvatarRsp,1649
GalleryIslandPartyDownHillInfoNotify,5577
GadgetChangeLevelTagRsp,806
ActivityReadPushTipsReq,8141
BackRebornGalleryRsp,5595
SummerTimeV2RestartBoatGalleryRsp,8112
SummerTimeV2BoatSettleNotify,8514
TakeBackGivingItemReq,111
GadgetChangeLevelTagReq,883
GearActivityFinishPlayPictureReq,20007
HomeExchangeWoodRsp,4644
HomeExchangeWoodReq,4883
GravenInnocenceEditCarveCombinationRsp,24702
GetAllMailResultNotify,1499
MuqadasPotionRestartDungeonReq,24974
ToTheMoonRemoveObstacleRsp,6192
MuqadasPotionCaptureWeaknessReq,21132
GravenInnocenceEditCarveCombinationReq,24050
ParentQuestInferenceDataNotify,440
DelBackupAvatarTeamReq,1680
AssociateInferenceWordReq,464
AvatarTeamAllDataNotify,1799
InstableSprayGalleryInfoNotify,5548
PlayerCompoundMaterialBoostReq,179
GravenInnocencePhotoFinishReq,23232
InstableSpraySwitchTeamReq,21869
SubmitInferenceWordRsp,437
InstableSprayEnterDungeonRsp,22439
AllWidgetBackgroundActiveStateNotify,6008
GetHomeExchangeWoodInfoReq,4708
GetAllMailNotify,1465
GravenInnocenceRaceRestartRsp,20494
InstableSprayRestartDungeonReq,24092
ToTheMoonAddObstacleRsp,6141
GetHomeExchangeWoodInfoRsp,4480
WorldChestOpenNotify,3203
DeshretObeliskChestInfoNotify,843
MuqadasPotionRestartDungeonRsp,21870
RemotePlayerWidgetNotify,5947
GravenInnocencePhotoFinishRsp,21852
InstableSprayLevelFinishNotify,24758
ChangeWidgetBackgroundActiveStateRsp,5986
AddBackupAvatarTeamRsp,1658
MuqadasPotionActivityEnterDungeonRsp,20591
AddBackupAvatarTeamReq,1670
PlayerDeathZoneNotify,6267
PlayerCompoundMaterialBoostRsp,113
InstableSpraySwitchTeamRsp,20469
TreasureSeelieCollectOrbsNotify,21251
AranaraCollectionDataNotify,6359
AssociateInferenceWordRsp,500
MuqadasPotionCaptureWeaknessRsp,23287
DelBackupAvatarTeamRsp,1733
InterpretInferenceWordRsp,434
MuqadasPotionActivityEnterDungeonReq,24826
ToTheMoonRemoveObstacleReq,6172
CheckGroupReplacedReq,3497
ToTheMoonEnterSceneRsp,6116
CheckGroupReplacedRsp,3198
InstableSprayEnterDungeonReq,21466
ToTheMoonEnterSceneReq,6176
ToTheMoonQueryPathRsp,6196
InterpretInferenceWordReq,445
AreaPlayInfoNotify,3327
ToTheMoonAddObstacleReq,6156
MuqadasPotionDungeonSettleNotify,20024
ToTheMoonPingNotify,6189
InstableSprayRestartDungeonRsp,23497
ToTheMoonQueryPathReq,6190
DeathZoneInfoNotify,6266
WidgetQuickHitTreeReq,3246
AddAranaraCollectionNotify,6366
ChangeWidgetBackgroundActiveStateReq,6060
DeathZoneObserveNotify,3139
GravenInnocenceRaceRestartReq,21853
GravenInnocencePhotoReminderNotify,24631
WidgetQuickHitTreeRsp,3169
GravenInnocenceRaceSettleNotify,24786
WatcherEventStageNotify,2216
SubmitInferenceWordReq,457
UnlockAvatarTalentReq,1090
UnlockAvatarTalentRsp,1096
UnlockCoopChapterReq,1992
UnlockCoopChapterRsp,1986
UnlockNameCardNotify,4070
UnlockPersonalLineReq,429
UnlockPersonalLineRsp,428
UnlockTransPointReq,3285
UnlockTransPointRsp,3090
UnlockedFurnitureFormulaDataNotify,4562
UnlockedFurnitureSuiteDataNotify,4857
UnmarkEntityInMinMapNotify,245
UpdateAbilityCreatedMovingPlatformNotify,899
UpdatePS4BlockListReq,4054
UpdatePS4BlockListRsp,4043
UpdatePS4FriendListNotify,4042
UpdatePS4FriendListReq,4052
UpdatePS4FriendListRsp,4044
UpdatePlayerShowAvatarListReq,4018
UpdatePlayerShowAvatarListRsp,4058
UpdatePlayerShowNameCardListReq,4040
UpdatePlayerShowNameCardListRsp,4045
UpdateRedPointNotify,39
UpdateReunionWatcherNotify,5081
UpgradeRoguelikeShikigamiReq,8436
UpgradeRoguelikeShikigamiRsp,8968
UseItemReq,672
UseItemRsp,692
UseMiracleRingReq,5209
UseMiracleRingRsp,5216
UseWidgetCreateGadgetReq,4261
UseWidgetCreateGadgetRsp,4290
UseWidgetRetractGadgetReq,4284
UseWidgetRetractGadgetRsp,4256
VehicleInteractReq,886
VehicleInteractRsp,851
VehicleStaminaNotify,835
ViewCodexReq,4201
ViewCodexRsp,4206
WatcherAllDataNotify,2290
WatcherChangeNotify,2296
WatcherEventNotify,2289
WatcherEventTypeNotify,2276
WaterSpritePhaseFinishNotify,2143
WeaponAwakenReq,681
WeaponAwakenRsp,670
WeaponPromoteReq,677
WeaponPromoteRsp,686
WeaponUpgradeReq,642
WeaponUpgradeRsp,694
WearEquipReq,665
WearEquipRsp,699
WidgetActiveChangeNotify,4255
WidgetCoolDownNotify,4286
WidgetDoBagReq,4254
WidgetDoBagRsp,4279
WidgetGadgetAllDataNotify,4288
WidgetGadgetDataNotify,4278
WidgetGadgetDestroyNotify,4260
WidgetReportReq,4281
WidgetReportRsp,4271
WidgetSlotChangeNotify,4257
WidgetUseAttachAbilityGroupChangeNotify,4252
WindSeedClientNotify,1163
WindSeedType1Notify,23435
WindSeedType2Notify,24656
WindSeedType3Notify,22438
WorktopOptionNotify,876
WorldAllRoutineTypeNotify,3516
WorldDataNotify,3017
WorldOwnerBlossomBriefInfoNotify,2776
WorldOwnerBlossomScheduleInfoNotify,2716
WorldOwnerDailyTaskNotify,140
WorldPlayerDieNotify,279
WorldPlayerInfoNotify,3437
WorldPlayerLocationNotify,258
WorldPlayerRTTNotify,77
WorldPlayerReviveReq,213
WorldPlayerReviveRsp,287
WorldRoutineChangeNotify,3549
WorldRoutineTypeCloseNotify,3515
WorldRoutineTypeRefreshNotify,3517
SkipPlayerGameTimeReq,123
SkipPlayerGameTimeRsp,130
